{"cameraMode":{"drawMode":0,"name":"Shaded","section":"Shading Mode"},"sceneLighting":true,"audioPlay":false,"sceneViewState":{"m_AlwaysRefresh":false,"showFog":true,"showSkybox":true,"showFlares":true,"showImageEffects":true,"showParticleSystems":true,"showVisualEffectGraphs":true,"m_FxEnabled":true},"in2DMode":false,"pivot":{"x":12.88676929473877,"y":-9.792854309082032,"z":-211.3082733154297},"rotation":{"x":-0.00039402462425641716,"y":-0.9988898634910584,"z":0.04981149360537529,"w":0.016195418313145639},"size":119.11558532714844,"orthographic":false}